{
    "count": 50,
    "filters": {
        "areas": [
            2072
        ],
        "permission": "TIER_ONE"
    },
    "teams": [
        {
            "id": 57,
            "area": {
                "id": 2072,
                "name": "England"
            },
            "name": "Arsenal FC",
            "shortName": "Arsenal",
            "tla": "ARS",
            "crestUrl": "team.svg",
            "address": "75 Drayton Park London N5 1BU",
            "phone": "+44 (020) 76195003",
            "website": "http://www.arsenal.com",
            "email": "info@arsenal.co.uk",
            "founded": 1886,
            "clubColors": "Red / White",
            "venue": "Emirates Stadium",
            "lastUpdated": "2020-10-15T01:57:14Z"
        },
        {
            "id": 58,
            "area": {
                "id": 2072,
                "name": "England"
            },
            "name": "Aston Villa FC",
            "shortName": "Aston Villa",
            "tla": "AST",
            "crestUrl": "https://crests.football-data.org/58.svg",
            "address": "Villa Park Birmingham B6 6HE",
            "phone": "+44 (0121) 3272299",
            "website": "http://www.avfc.co.uk",
            "email": null,
            "founded": 1872,
            "clubColors": "Claret / Sky Blue",
            "venue": "Villa Park",
            "lastUpdated": "2020-10-15T01:57:51Z"
        },
        {
            "id": 59,
            "area": {
                "id": 2072,
                "name": "England"
            },
            "name": "Blackburn Rovers FC",
            "shortName": "Blackburn",
            "tla": "BBR",
            "crestUrl": "https://crests.football-data.org/59.svg",
            "address": "Ewood Park Blackburn BB2 4JF",
            "phone": "+44 (0871) 7021875",
            "website": "http://www.rovers.co.uk",
            "email": null,
            "founded": 1874,
            "clubColors": "Blue / White",
            "venue": "Ewood Park",
            "lastUpdated": "2020-10-15T01:57:19Z"
        },
        {
            "id": 60,
            "area": {
                "id": 2072,
                "name": "England"
            },
            "name": "Bolton Wanderers FC",
            "shortName": "Bolton",
            "tla": "BOL",
            "crestUrl": "https://crests.football-data.org/60.svg",
            "address": "Burnden Way Bolton BL6 6JW",
            "phone": "+44 (0844) 8712932",
            "website": "http://www.bwfc.co.uk",
            "email": "reception@bwfc.co.uk",
            "founded": 1874,
            "clubColors": "White / Navy Blue",
            "venue": "University of Bolton Stadium",
            "lastUpdated": "2020-10-15T01:57:24Z"
        },
        {
            "id": 61,
            "area": {
                "id": 2072,
                "name": "England"
            },
            "name": "Chelsea FC",
            "shortName": "Chelsea",
            "tla": "CHE",
            "crestUrl": "https://crests.football-data.org/61.svg",
            "address": "Fulham Road London SW6 1HS",
            "phone": "+44 (0871) 9841955",
            "website": "http://www.chelseafc.com",
            "email": null,
            "founded": 1905,
            "clubColors": "Royal Blue / White",
            "venue": "Stamford Bridge",
            "lastUpdated": "2020-09-17T01:59:20Z"
        },
        {
            "id": 62,
            "area": {
                "id": 2072,
                "name": "England"
            },
            "name": "Everton FC",
            "shortName": "Everton",
            "tla": "EVE",
            "crestUrl": "https://crests.football-data.org/62.svg",
            "address": "Goodison Park Liverpool L4 4EL",
            "phone": "+44 (0871) 6631878",
            "website": "http://www.evertonfc.com",
            "email": "everton@evertonfc.com",
            "founded": 1878,
            "clubColors": "Blue / White",
            "venue": "Goodison Park",
            "lastUpdated": "2020-09-17T01:58:48Z"
        },
        {
            "id": 63,
            "area": {
                "id": 2072,
                "name": "England"
            },
            "name": "Fulham FC",
            "shortName": "Fulham",
            "tla": "FUL",
            "crestUrl": "https://crests.football-data.org/63.svg",
            "address": "Craven Cottage, Stevenage Road London SW6 6HH",
            "phone": "+44 (0870) 4421222",
            "website": "http://www.fulhamfc.com",
            "email": "enquiries@fulhamfc.com",
            "founded": 1879,
            "clubColors": "White / Black",
            "venue": "Craven Cottage",
            "lastUpdated": "2020-09-17T01:58:49Z"
        },
        {
            "id": 64,
            "area": {
                "id": 2072,
                "name": "England"
            },
            "name": "Liverpool FC",
            "shortName": "Liverpool",
            "tla": "LIV",
            "crestUrl": "https://crests.football-data.org/64.svg",
            "address": "Anfield Road Liverpool L4 OTH",
            "phone": "+44 (0844) 4993000",
            "website": "http://www.liverpoolfc.tv",
            "email": "customercontact@liverpoolfc.tv",
            "founded": 1892,
            "clubColors": "Red / White",
            "venue": "Anfield",
            "lastUpdated": "2020-09-10T02:55:23Z"
        },
        {
            "id": 65,
            "area": {
                "id": 2072,
                "name": "England"
            },
            "name": "Manchester City FC",
            "shortName": "Man City",
            "tla": "MCI",
            "crestUrl": "https://crests.football-data.org/65.svg",
            "address": "SportCity Manchester M11 3FF",
            "phone": "+44 (0870) 0621894",
            "website": "https://www.mancity.com",
            "email": "mancity@mancity.com",
            "founded": 1880,
            "clubColors": "Sky Blue / White",
            "venue": "Etihad Stadium",
            "lastUpdated": "2020-09-17T01:59:21Z"
        },
        {
            "id": 66,
            "area": {
                "id": 2072,
                "name": "England"
            },
            "name": "Manchester United FC",
            "shortName": "Man United",
            "tla": "MUN",
            "crestUrl": "https://crests.football-data.org/66.svg",
            "address": "Sir Matt Busby Way Manchester M16 0RA",
            "phone": "+44 (0161) 8688000",
            "website": "http://www.manutd.com",
            "email": "enquiries@manutd.co.uk",
            "founded": 1878,
            "clubColors": "Red / White",
            "venue": "Old Trafford",
            "lastUpdated": "2020-09-17T01:59:23Z"
        },
        {
            "id": 67,
            "area": {
                "id": 2072,
                "name": "England"
            },
            "name": "Newcastle United FC",
            "shortName": "Newcastle",
            "tla": "NEW",
            "crestUrl": "https://crests.football-data.org/67.svg",
            "address": "Sports Direct Arena Newcastle upon Tyne NE1 4ST",
            "phone": null,
            "website": "http://www.nufc.co.uk",
            "email": "admin@nufc.co.uk",
            "founded": 1881,
            "clubColors": "Black / White",
            "venue": "St. James' Park",
            "lastUpdated": "2020-09-17T01:59:25Z"
        },
        {
            "id": 68,
            "area": {
                "id": 2072,
                "name": "England"
            },
            "name": "Norwich City FC",
            "shortName": "Norwich",
            "tla": "NOR",
            "crestUrl": "https://upload.wikimedia.org/wikipedia/en/8/8c/Norwich_City.svg",
            "address": "Carrow Road Norwich NR1 1JE",
            "phone": null,
            "website": "http://www.canaries.co.uk",
            "email": "reception@ncfc-canaries.co.uk",
            "founded": 1902,
            "clubColors": "Yellow / Green",
            "venue": "Carrow Road",
            "lastUpdated": "2020-10-15T01:57:21Z"
        },
        {
            "id": 69,
            "area": {
                "id": 2072,
                "name": "England"
            },
            "name": "Queens Park Rangers FC",
            "shortName": "QPR",
            "tla": "QPR",
            "crestUrl": "http://upload.wikimedia.org/wikipedia/de/d/d4/Queens_Park_Rangers.svg",
            "address": "South Africa Road, Shepherds Bush London W12 7PA",
            "phone": null,
            "website": "http://www.qpr.co.uk",
            "email": "qpr@qpr.co.uk",
            "founded": 1882,
            "clubColors": "Blue / White",
            "venue": "Kiyan Prince Foundation Stadium",
            "lastUpdated": "2020-09-10T02:38:16Z"
        },
        {
            "id": 70,
            "area": {
                "id": 2072,
                "name": "England"
            },
            "name": "Stoke City FC",
            "shortName": "Stoke",
            "tla": "STO",
            "crestUrl": "http://upload.wikimedia.org/wikipedia/de/a/a3/Stoke_City.svg",
            "address": "Stanley Matthews Way Stoke-on-Trent ST4 4EG",
            "phone": "+44 (0871) 6632008",
            "website": "http://www.stokecityfc.com",
            "email": "info@stokecityfc.com",
            "founded": 1863,
            "clubColors": "Red / White",
            "venue": "Bet365 Stadium",
            "lastUpdated": "2020-09-10T02:38:18Z"
        },
        {
            "id": 71,
            "area": {
                "id": 2072,
                "name": "England"
            },
            "name": "Sunderland AFC",
            "shortName": "Sunderland",
            "tla": "SUN",
            "crestUrl": "https://crests.football-data.org/71.svg",
            "address": "The Sunderland Stadium of Light Sunderland SR5 1SU",
            "phone": "+44 (0871) 9111200",
            "website": "http://www.safc.com",
            "email": "enquiries@safc.com",
            "founded": 1879,
            "clubColors": "Red / White",
            "venue": "Stadium of Light",
            "lastUpdated": "2020-10-15T01:57:22Z"
        },
        {
            "id": 73,
            "area": {
                "id": 2072,
                "name": "England"
            },
            "name": "Tottenham Hotspur FC",
            "shortName": "Tottenham",
            "tla": "TOT",
            "crestUrl": "https://crests.football-data.org/73.svg",
            "address": "Bill Nicholson Way, 748 High Road London N17 OAP",
            "phone": "+44 (0844) 4995000",
            "website": "http://www.tottenhamhotspur.com",
            "email": "customer.care@tottenhamhotspur.com",
            "founded": 1882,
            "clubColors": "Navy Blue / White",
            "venue": "Tottenham Hotspur Stadium",
            "lastUpdated": "2020-09-10T02:44:36Z"
        },
        {
            "id": 74,
            "area": {
                "id": 2072,
                "name": "England"
            },
            "name": "West Bromwich Albion FC",
            "shortName": "West Brom",
            "tla": "WBA",
            "crestUrl": "https://crests.football-data.org/74.svg",
            "address": "The Hawthorns West Bromwich B71 4LF",
            "phone": null,
            "website": "http://www.wba.co.uk",
            "email": "enquiries@wbafc.co.uk",
            "founded": 1879,
            "clubColors": "White / Navy Blue",
            "venue": "The Hawthorns",
            "lastUpdated": "2020-09-10T02:53:19Z"
        },
        {
            "id": 75,
            "area": {
                "id": 2072,
                "name": "England"
            },
            "name": "Wigan Athletic FC",
            "shortName": "Wigan Athletic",
            "tla": "WIG",
            "crestUrl": "https://crests.football-data.org/75.svg",
            "address": "Loire Drive Wigan WN5 0UZ",
            "phone": "+44 (01942) 774000",
            "website": "http://www.wiganlatics.co.uk",
            "email": "feedback@wiganathletic.com",
            "founded": 1932,
            "clubColors": "Blue / White",
            "venue": "The DW Stadium",
            "lastUpdated": "2020-10-15T01:57:23Z"
        },
        {
            "id": 76,
            "area": {
                "id": 2072,
                "name": "England"
            },
            "name": "Wolverhampton Wanderers FC",
            "shortName": "Wolverhampton",
            "tla": "WOL",
            "crestUrl": "https://crests.football-data.org/76.svg",
            "address": "Waterloo Road Wolverhampton WV1 4QR",
            "phone": "+44 (0871) 2222220",
            "website": "http://www.wolves.co.uk",
            "email": "info@wolves.co.uk",
            "founded": 1877,
            "clubColors": "Black / Gold",
            "venue": "Molineux Stadium",
            "lastUpdated": "2020-09-10T02:38:27Z"
        },
        {
            "id": 322,
            "area": {
                "id": 2072,
                "name": "England"
            },
            "name": "Hull City AFC",
            "shortName": "Hull City",
            "tla": "HUL",
            "crestUrl": "https://crests.football-data.org/322.svg",
            "address": "Walton Street Hull HU3 6HU",
            "phone": "+44 (0870) 8370003",
            "website": "http://www.hullcitytigers.com",
            "email": "info@hulltigers.com",
            "founded": 1904,
            "clubColors": "Orange / Black",
            "venue": "Kingston Communications Stadium",
            "lastUpdated": "2020-09-10T02:43:50Z"
        },
        {
            "id": 328,
            "area": {
                "id": 2072,
                "name": "England"
            },
            "name": "Burnley FC",
            "shortName": "Burnley",
            "tla": "BUR",
            "crestUrl": "https://crests.football-data.org/328.svg",
            "address": "Harry Potts Way Burnley BB10 4BX",
            "phone": "+44 (0871) 2211882",
            "website": "http://www.burnleyfootballclub.com",
            "email": "info@burnleyfc.com",
            "founded": 1881,
            "clubColors": "Claret / Sky Blue",
            "venue": "Turf Moor",
            "lastUpdated": "2020-09-10T02:53:23Z"
        },
        {
            "id": 332,
            "area": {
                "id": 2072,
                "name": "England"
            },
            "name": "Birmingham City FC",
            "shortName": "Birmingham",
            "tla": "BIR",
            "crestUrl": "https://crests.football-data.org/332.svg",
            "address": "St. Andrew's Stadium Birmingham B9 4RL",
            "phone": "+44 (0844) 5571875",
            "website": "http://www.bcfc.com",
            "email": "reception@bcfc.com",
            "founded": 1875,
            "clubColors": "Blue / White",
            "venue": "St Andrew's Trillion Trophy Stadium",
            "lastUpdated": "2020-09-10T02:53:25Z"
        },
        {
            "id": 338,
            "area": {
                "id": 2072,
                "name": "England"
            },
            "name": "Leicester City FC",
            "shortName": "Leicester City",
            "tla": "LEI",
            "crestUrl": "https://crests.football-data.org/338.svg",
            "address": "The Walkers Stadium, Filbert Way Leicester LE2 7FL",
            "phone": "+44 (0844) 8156000",
            "website": "http://www.lcfc.com",
            "email": null,
            "founded": 1884,
            "clubColors": "Royal Blue / White",
            "venue": "King Power Stadium",
            "lastUpdated": "2020-09-10T02:53:27Z"
        },
        {
            "id": 340,
            "area": {
                "id": 2072,
                "name": "England"
            },
            "name": "Southampton FC",
            "shortName": "Southampton",
            "tla": "SOU",
            "crestUrl": "https://crests.football-data.org/340.svg",
            "address": "Britannia Road Southampton SO14 5FP",
            "phone": null,
            "website": "http://www.saintsfc.co.uk",
            "email": "sfc@saintsfc.co.uk",
            "founded": 1885,
            "clubColors": "Red / White / Black",
            "venue": "St. Mary's Stadium",
            "lastUpdated": "2020-09-10T02:38:38Z"
        },
        {
            "id": 341,
            "area": {
                "id": 2072,
                "name": "England"
            },
            "name": "Leeds United FC",
            "shortName": "Leeds United",
            "tla": "LEE",
            "crestUrl": "https://crests.football-data.org/341.svg",
            "address": "Elland Road Leeds LS11 0ES",
            "phone": "+44 (0871) 3341919",
            "website": "http://www.leedsunited.com",
            "email": "reception@leedsunited.com",
            "founded": 1904,
            "clubColors": "White / Blue",
            "venue": "Elland Road",
            "lastUpdated": "2020-09-10T02:53:28Z"
        },
        {
            "id": 342,
            "area": {
                "id": 2072,
                "name": "England"
            },
            "name": "Derby County FC",
            "shortName": "Derby County",
            "tla": "DER",
            "crestUrl": "https://crests.football-data.org/342.svg",
            "address": "Pride Park Derby DE24 8XL",
            "phone": "+44 (0871) 4721884",
            "website": "http://www.dcfc.co.uk",
            "email": "derbycounty@dcfc.co.uk",
            "founded": 1884,
            "clubColors": "White / Black",
            "venue": "iPro Stadium",
            "lastUpdated": "2020-09-10T02:38:43Z"
        },
        {
            "id": 343,
            "area": {
                "id": 2072,
                "name": "England"
            },
            "name": "Middlesbrough FC",
            "shortName": "Middlesbrough",
            "tla": "MID",
            "crestUrl": "https://crests.football-data.org/343.svg",
            "address": "Riverside Stadium Middlesbrough TS3 6RS",
            "phone": "+44 (0844) 4996789",
            "website": "http://www.mfc.co.uk",
            "email": "enquiries@mfc.co.uk",
            "founded": 1876,
            "clubColors": "Red / White",
            "venue": "Riverside Stadium",
            "lastUpdated": "2020-09-10T02:53:31Z"
        },
        {
            "id": 345,
            "area": {
                "id": 2072,
                "name": "England"
            },
            "name": "Sheffield Wednesday FC",
            "shortName": "Sheffield Wed",
            "tla": "SWE",
            "crestUrl": "https://crests.football-data.org/345.svg",
            "address": "Hillsborough Sheffield, Yorkshire S6 1SW",
            "phone": "+44 (0871) 9951867",
            "website": "http://www.swfc.co.uk",
            "email": "enquiries@swfc.co.uk",
            "founded": 1820,
            "clubColors": "Blue / White / Black",
            "venue": "Hillsborough Stadium",
            "lastUpdated": "2020-09-10T02:38:47Z"
        },
        {
            "id": 346,
            "area": {
                "id": 2072,
                "name": "England"
            },
            "name": "Watford FC",
            "shortName": "Watford",
            "tla": "WAT",
            "crestUrl": "https://crests.football-data.org/346.svg",
            "address": "Vicarage Road Watford WD18 0ER",
            "phone": null,
            "website": "http://www.watfordfc.com",
            "email": "yourvoice@watfordfc.com",
            "founded": 1881,
            "clubColors": "Yellow / Black",
            "venue": "Vicarage Road Stadium",
            "lastUpdated": "2020-09-10T02:53:32Z"
        },
        {
            "id": 348,
            "area": {
                "id": 2072,
                "name": "England"
            },
            "name": "Charlton Athletic FC",
            "shortName": "Charlton",
            "tla": "CHA",
            "crestUrl": "https://crests.football-data.org/348.svg",
            "address": "Floyd Road, Charlton London SE7 8BL",
            "phone": "+44 (0208) 3334000",
            "website": "http://www.cafc.co.uk",
            "email": "info@cafc.co.uk",
            "founded": 1905,
            "clubColors": "Red / White",
            "venue": "The Valley",
            "lastUpdated": "2020-09-10T02:53:33Z"
        },
        {
            "id": 349,
            "area": {
                "id": 2072,
                "name": "England"
            },
            "name": "Ipswich Town FC",
            "shortName": "Ipswich Town",
            "tla": "IPS",
            "crestUrl": "https://crests.football-data.org/349.svg",
            "address": "Portman Road Ipswich IP1 2DA",
            "phone": null,
            "website": "http://www.itfc.co.uk",
            "email": "enquiries@itfc.co.uk",
            "founded": 1887,
            "clubColors": "Blue / White",
            "venue": "Portman Road Stadium",
            "lastUpdated": "2020-09-10T02:43:57Z"
        },
        {
            "id": 351,
            "area": {
                "id": 2072,
                "name": "England"
            },
            "name": "Nottingham Forest FC",
            "shortName": "Nottingham",
            "tla": "NOT",
            "crestUrl": "https://crests.football-data.org/351.svg",
            "address": "Pavilion Road, West Bridgeford Nottingham NG2 5GJ",
            "phone": "+44 (0115) 9824444",
            "website": "http://www.nottinghamforest.co.uk",
            "email": "enquiries@nottinghamforest.co.uk",
            "founded": 1865,
            "clubColors": "Red / White",
            "venue": "The City Ground",
            "lastUpdated": "2020-09-10T02:53:35Z"
        },
        {
            "id": 354,
            "area": {
                "id": 2072,
                "name": "England"
            },
            "name": "Crystal Palace FC",
            "shortName": "Crystal Palace",
            "tla": "CRY",
            "crestUrl": "https://crests.football-data.org/354.svg",
            "address": "Whitehorse Lane London SE25 6PU",
            "phone": "+44 (020) 87686000",
            "website": "http://www.cpfc.co.uk",
            "email": "info@cpfc.co.uk",
            "founded": 1905,
            "clubColors": "Red / Blue",
            "venue": "Selhurst Park",
            "lastUpdated": "2020-09-10T02:38:55Z"
        },
        {
            "id": 355,
            "area": {
                "id": 2072,
                "name": "England"
            },
            "name": "Reading FC",
            "shortName": "Reading",
            "tla": "REA",
            "crestUrl": "https://crests.football-data.org/355.svg",
            "address": "Junction 11 M4 Reading RG2 0FL",
            "phone": "+44 (0118) 9681211",
            "website": "http://www.readingfc.co.uk",
            "email": "customerservice@readingfc.co.uk",
            "founded": 1871,
            "clubColors": "Blue / White",
            "venue": "Madejski Stadium",
            "lastUpdated": "2020-09-10T02:53:36Z"
        },
        {
            "id": 356,
            "area": {
                "id": 2072,
                "name": "England"
            },
            "name": "Sheffield United FC",
            "shortName": "Sheffield Utd",
            "tla": "SHE",
            "crestUrl": "https://crests.football-data.org/356.svg",
            "address": "Bramall Lane Sheffield, Yorkshire S2 4SU",
            "phone": "+44 (0871) 9951899",
            "website": "http://www.sufc.co.uk",
            "email": "info@sufc.co.uk",
            "founded": null,
            "clubColors": "Red / White / Black",
            "venue": "Bramall Lane",
            "lastUpdated": "2020-09-10T02:38:59Z"
        },
        {
            "id": 357,
            "area": {
                "id": 2072,
                "name": "England"
            },
            "name": "Barnsley FC",
            "shortName": "Barnsley",
            "tla": "BAR",
            "crestUrl": "https://crests.football-data.org/357.svg",
            "address": "Grove Street Barnsley S71 1ET",
            "phone": "+44 (0122) 6211211",
            "website": "http://www.barnsleyfc.co.uk",
            "email": "thereds@barnsleyfc.co.uk",
            "founded": 1887,
            "clubColors": "Red / White",
            "venue": "Oakwell Stadium",
            "lastUpdated": "2020-09-10T02:39:00Z"
        },
        {
            "id": 384,
            "area": {
                "id": 2072,
                "name": "England"
            },
            "name": "Millwall FC",
            "shortName": "Millwall",
            "tla": "MIL",
            "crestUrl": "https://crests.football-data.org/384.svg",
            "address": "Zampa Road London SE16 3LN",
            "phone": "+44 (0207) 2321222",
            "website": "http://www.millwallfc.co.uk",
            "email": "questions@millwallplc.com",
            "founded": 1885,
            "clubColors": "Blue / White",
            "venue": "The Den",
            "lastUpdated": "2020-09-10T02:53:41Z"
        },
        {
            "id": 385,
            "area": {
                "id": 2072,
                "name": "England"
            },
            "name": "Rotherham United FC",
            "shortName": "Rotherham Utd",
            "tla": "ROT",
            "crestUrl": "https://crests.football-data.org/385.svg",
            "address": "New York Way Rotherham S60 1AH",
            "phone": "+44 (08444) 140733",
            "website": "http://www.themillers.co.uk",
            "email": "office@rotherhamunited.net",
            "founded": 1870,
            "clubColors": "Red / White",
            "venue": "New York Stadium",
            "lastUpdated": "2020-09-10T02:39:12Z"
        },
        {
            "id": 387,
            "area": {
                "id": 2072,
                "name": "England"
            },
            "name": "Bristol City FC",
            "shortName": "Bristol City",
            "tla": "BRI",
            "crestUrl": "https://crests.football-data.org/387.svg",
            "address": "Ashton Gate Bristol BS3 2EJ",
            "phone": "+44 (0117) 9630600",
            "website": "http://www.bcfc.co.uk",
            "email": "enquiries@bcfc.co.uk",
            "founded": 1894,
            "clubColors": "Red / White",
            "venue": "Ashton Gate Stadium",
            "lastUpdated": "2020-09-10T02:39:13Z"
        },
        {
            "id": 389,
            "area": {
                "id": 2072,
                "name": "England"
            },
            "name": "Luton Town FC",
            "shortName": "Luton Town",
            "tla": "LUT",
            "crestUrl": "https://crests.football-data.org/389.svg",
            "address": "1 Maple Road Luton LU4 8AW",
            "phone": "+44 (01582) 411622",
            "website": "http://www.lutontown.co.uk",
            "email": null,
            "founded": 1885,
            "clubColors": "White / Navy Blue / Orange",
            "venue": "Kenilworth Road Stadium",
            "lastUpdated": "2020-09-10T02:39:14Z"
        },
        {
            "id": 394,
            "area": {
                "id": 2072,
                "name": "England"
            },
            "name": "Huddersfield Town AFC",
            "shortName": "Huddersfield",
            "tla": "HUD",
            "crestUrl": "https://crests.football-data.org/394.svg",
            "address": "Stadium Way Huddersfield HD1 6PX",
            "phone": "+44 (0148) 4484112",
            "website": "http://www.htafc.com",
            "email": "info@htafc.com",
            "founded": 1908,
            "clubColors": "Blue / White",
            "venue": "The John Smith's Stadium",
            "lastUpdated": "2020-09-10T02:39:16Z"
        },
        {
            "id": 397,
            "area": {
                "id": 2072,
                "name": "England"
            },
            "name": "Brighton & Hove Albion FC",
            "shortName": "Brighton Hove",
            "tla": "BHA",
            "crestUrl": "https://crests.football-data.org/397.svg",
            "address": "44 North Road Brighton & Hove BN1 1YR",
            "phone": "+44 (01273) 878288",
            "website": "http://www.seagulls.co.uk",
            "email": "seagulls@bhafc.co.uk",
            "founded": 1898,
            "clubColors": "Blue / White",
            "venue": "The American Express Community Stadium",
            "lastUpdated": "2020-09-10T02:53:43Z"
        },
        {
            "id": 402,
            "area": {
                "id": 2072,
                "name": "England"
            },
            "name": "Brentford FC",
            "shortName": "Brentford",
            "tla": "BRE",
            "crestUrl": "https://crests.football-data.org/402.svg",
            "address": "Braemar Road Brentford TW8 0NT",
            "phone": null,
            "website": "http://www.brentfordfc.co.uk",
            "email": "enquiries@brentfordfc.co.uk",
            "founded": 1889,
            "clubColors": "Red / White / Black",
            "venue": "Griffin Park",
            "lastUpdated": "2020-09-10T02:53:44Z"
        },
        {
            "id": 563,
            "area": {
                "id": 2072,
                "name": "England"
            },
            "name": "West Ham United FC",
            "shortName": "West Ham",
            "tla": "WHU",
            "crestUrl": "https://crests.football-data.org/563.svg",
            "address": "Green Street, Upton Park London E13 9AZ",
            "phone": "+44 (020) 85482794",
            "website": "http://www.whufc.com",
            "email": "yourcomments@westhamunited.co.uk",
            "founded": 1895,
            "clubColors": "Claret / Sky Blue",
            "venue": "London Stadium",
            "lastUpdated": "2020-09-10T02:53:49Z"
        },
        {
            "id": 770,
            "area": {
                "id": 2072,
                "name": "England"
            },
            "name": "England",
            "shortName": "England",
            "tla": "ENG",
            "crestUrl": "https://crests.football-data.org/770.svg",
            "address": "Wembley Stadium, PO Box 1966 London SW1P 9EQ",
            "phone": "+44 (844) 9808200",
            "website": "http://www.thefa.com",
            "email": "info@thefa.com",
            "founded": 1863,
            "clubColors": "White / Red / Navy Blue",
            "venue": null,
            "lastUpdated": "2020-09-03T15:46:29Z"
        },
        {
            "id": 1044,
            "area": {
                "id": 2072,
                "name": "England"
            },
            "name": "AFC Bournemouth",
            "shortName": "Bournemouth",
            "tla": "BOU",
            "crestUrl": "https://crests.football-data.org/1044.svg",
            "address": "Dean Court, Kings Park Bournemouth BH7 7AF",
            "phone": "+44 (01202) 726300",
            "website": "http://www.afcb.co.uk",
            "email": "admin@afcb.co.uk",
            "founded": 1890,
            "clubColors": "Red / Black",
            "venue": "Vitality Stadium",
            "lastUpdated": "2020-09-10T02:39:31Z"
        },
        {
            "id": 1072,
            "area": {
                "id": 2072,
                "name": "England"
            },
            "name": "Burton Albion FC",
            "shortName": "Burton Albion",
            "tla": "BUR",
            "crestUrl": "https://crests.football-data.org/1072.svg",
            "address": "Princess Way Burton-on-Trent DE13 0AR",
            "phone": "+44 (0128) 3565938",
            "website": "http://www.burtonalbionfc.co.uk",
            "email": "office@burtonalbionfc.co.uk",
            "founded": 1950,
            "clubColors": "Yellow / Black",
            "venue": "Pirelli Stadium",
            "lastUpdated": "2020-09-10T02:53:52Z"
        },
        {
            "id": 1076,
            "area": {
                "id": 2072,
                "name": "England"
            },
            "name": "Coventry City FC",
            "shortName": "Coventry City",
            "tla": "COV",
            "crestUrl": "https://crests.football-data.org/1076.svg",
            "address": "Gallagher Retail Park, Stoney Stanton Road Coventry CV6 5QE",
            "phone": "+44 (0247) 6992326",
            "website": "http://www.ccfc.co.uk",
            "email": "info@ccfc.co.uk",
            "founded": 1883,
            "clubColors": "Sky Blue / White",
            "venue": "St Andrew's Trillion Trophy Stadium",
            "lastUpdated": "2020-09-10T02:39:43Z"
        },
        {
            "id": 1081,
            "area": {
                "id": 2072,
                "name": "England"
            },
            "name": "Preston North End FC",
            "shortName": "Preston NE",
            "tla": "PNE",
            "crestUrl": "https://crests.football-data.org/1081.svg",
            "address": "Sir Tom Finney Way Preston PR1 6RU",
            "phone": null,
            "website": "http://www.pnefc.net",
            "email": "enquiries@pne.com",
            "founded": 1863,
            "clubColors": "White / Navy Blue",
            "venue": "Deepdale Stadium",
            "lastUpdated": "2020-09-10T02:39:51Z"
        },
        {
            "id": 1146,
            "area": {
                "id": 2072,
                "name": "England"
            },
            "name": "Wycombe Wanderers FC",
            "shortName": "Wycombe",
            "tla": "WYC",
            "crestUrl": "https://crests.football-data.org/1146.svg",
            "address": "Hillbottom Road High Wycombe HP12 4HJ",
            "phone": "+44 (1494) 472100",
            "website": "http://www.wycombewanderers.co.uk",
            "email": "wwfc@wwfc.com",
            "founded": 1887,
            "clubColors": "Blue",
            "venue": "Adams Park",
            "lastUpdated": "2020-09-10T02:54:06Z"
        }
    ]
}